"","p_val","avg_log2FC","pct.1","pct.2","p_val_adj","log10_padj","category"
"ARID5A",1.7945822936491e-30,8.09702881794034,1,0,1.93079108973706e-26,25.7142647140417,"Up"
