"","p_val","avg_log2FC","pct.1","pct.2","p_val_adj","log10_padj","category"
"ARID5B",9.28077501692884e-35,8.05354581772798,1,0,9.98518584071374e-31,30.0006438477842,"Up"
