"","p_val","avg_log2FC","pct.1","pct.2","p_val_adj","log10_padj","category"
"AGR2",1.0470585008398e-06,-3.16206777725475,0.222,0.716,0.0188229706695971,1.72531183448996,"Down"
