"","p_val","avg_log2FC","pct.1","pct.2","p_val_adj","log10_padj","category"
"TGM2",1.6081572365873e-67,11.2154911588489,1,0,2.89098426421299e-63,62.5389542722118,"Up"
"ARID5A",0.460437720147433,0.823173736070128,0,0.017,1,0,"NS"
"ARID5B",0.600942414731236,1.53366711887514,0.069,0.033,1,0,"NS"
"MKI67",0.762385920770815,1.15659746979532,0.069,0.043,1,0,"NS"
"IL6",0.815267881048508,2.04556615740658,0,0.005,1,0,"NS"
"KRT13",0.939356975280888,4.63052865812773,0,0.001,1,0,"NS"
"AXL",0.966786136659039,5.21549115884889,0,0,1,0,"NS"
