"","p_val","avg_log2FC","pct.1","pct.2","p_val_adj","log10_padj","category"
"CST3",4.30662312036037e-07,-1.24825460985057,0.358,0.589,0.00774201638347184,2.11114591397239,"Down"
