"","p_val","avg_log2FC","pct.1","pct.2","p_val_adj","log10_padj","category"
"IL6",1.23906370617553e-25,11.7959658419863,1,0,2.22746482459175e-21,20.6521891454757,"Up"
"AXL",0.00664318369869262,8.62604084054399,0.091,0,1,0,"NS"
"MKI67",0.45527917967312,0.95361549857249,0,0.044,1,0,"NS"
"ARID5A",0.656282013513327,3.2684888359259,0.091,0.016,1,0,"NS"
"TGM2",0.740884013867824,2.62604084054399,0,0.013,1,0,"NS"
"ARID5B",0.835226917147969,2.34063862168174,0.091,0.034,1,0,"NS"
"KRT13",0.945203392253193,6.04107833982283,0,0.001,1,0,"NS"
