"","p_val","avg_log2FC","pct.1","pct.2","p_val_adj","log10_padj","category"
"RPS6",7.65097630314156e-07,-1.57354626395673,0.379,0.799,0.0137541601001576,1.86156592472205,"Down"
