"","p_val","avg_log2FC","pct.1","pct.2","p_val_adj","log10_padj","category"
"ARID5B",1.33883300127653e-106,9.01332792127809,1,0,1.09101501274025e-102,101.96216927333,"Up"
