"","p_val","avg_log2FC","pct.1","pct.2","p_val_adj","log10_padj","category"
"ARID5A",2.22447427801399e-72,9.21249638519395,1,0,1.8127240891536e-68,67.7416682939061,"Up"
