"","p_val","avg_log2FC","pct.1","pct.2","p_val_adj","log10_padj","category"
"IL6",1.01195601452983e-210,11.9674531050227,1,0,1.23853296618306e-206,205.907092429255,"Up"
