"","p_val","avg_log2FC","pct.1","pct.2","p_val_adj","log10_padj","category"
"TGM2",4.72057784742746e-40,8.04015712647198,1,0,5.07886970604721e-36,35.294232928473,"Up"
