"","p_val","avg_log2FC","pct.1","pct.2","p_val_adj","log10_padj","category"
"MKI67",4.26032766655306e-170,11.1311665107077,1,0,7.65879104616244e-166,165.115839779116,"Up"
