"","p_val","avg_log2FC","pct.1","pct.2","p_val_adj","log10_padj","category"
"MKI67",1.81333124573027e-76,10.4174409043151,1,0,2.33158131575998e-72,71.6323494335786,"Up"
