"","p_val","avg_log2FC","pct.1","pct.2","p_val_adj","log10_padj","category"
"IGLL5",4.65672566810088e-09,-1.81705737672077,0.818,0.904,6.1347703951561e-05,4.21220168688689,"Down"
