"","p_val","avg_log2FC","pct.1","pct.2","p_val_adj","log10_padj","category"
"IL6",2.75864781436325e-46,9.91488338636205,1,0,4.14569593542509e-42,41.3824025542464,"Up"
