"","p_val","avg_log2FC","pct.1","pct.2","p_val_adj","test","log10_padj","category"
"AXL",0.0629405855524169,1.79530313102704,0.001,0,1,"MAST",0,"NS"
"MKI67",0.112723135145839,1.41197449147553,0.003,0.001,1,"MAST",0,"NS"
